[
  {
    "name": "Adarsh Nagar",
    "details": {"disabled friendly": 1,         "parking available": 0,         "elevator available": 1,
      "line": ["Yellow Line"],
      "layout": ["Underground"],
      "platform": ["Side"],
      "longitude": 77.17046,
      "latitude": 28.71642
    }
  },
  {
    "name": "AIIMS",
    "details": {"disabled friendly": 1,         "parking available": 0,         "elevator available": 1,
      "line": ["Yellow Line"],
      "layout": ["Underground"],
      "platform": ["Island"],
      "longitude": 77.20771,
      "latitude": 28.56892
    }
  },
  {
    "name": "Akshardham",
    "details": {"disabled friendly": 1,         "parking available": 1,         "elevator available": 1,
      "line": ["Blue Line"],
      "layout": ["Elevated"],
      "platform": ["Side"],
      "longitude": 77.27869,
      "latitude": 28.61806
    }
  },
  {
    "name": "Anand Vihar",
    "details": {"disabled friendly": 1,         "parking available": 0,         "elevator available": 1,
      "line": ["Blue Line branch","Pink Line"],
      "layout": ["Elevated","Elevated"],
      "platform": ["Side","Side"],
      "longitude": 77.31603,
      "latitude": 28.64695
    }
  },
  {
    "name": "Arjan Garh",
    "details": {"disabled friendly": 1,         "parking available": 1,         "elevator available": 1,
      "line": ["Yellow Line"],
      "layout": ["Elevated"],
      "platform": ["Side"],
      "longitude": 77.12583,
      "latitude": 28.48076
    }
  },
  {
    "name": "Arthala",
    "details": {"disabled friendly": 1,         "parking available": 0,         "elevator available": 1,
      "line": ["Red Line"],
      "layout": ["Elevated"],
      "platform": ["Side"],
      "longitude": 77.39177,
      "latitude": 28.67692
    }
  },

  {
    "name": "Ashok Park Main",
    "details": {"disabled friendly": 1,         "parking available": 0,         "elevator available": 1,
      "line": ["Green Line"],
      "layout": ["Elevated"],
      "platform": ["Side"],
      "longitude": 77.15527,
      "latitude": 28.67153
    }
  },
  {
    "name": "Ashram",
    "details": {"disabled friendly": 1,         "parking available": 0,         "elevator available": 1,
      "line": ["Pink Line"],
      "layout": ["Underground"],
      "platform": ["Island"],
      "longitude": 77.27085,
      "latitude": 28.67290
    }
  },
  {
    "name": "Azadpur",
    "details": {"disabled friendly": 1,         "parking available": 1,         "elevator available": 1,
      "line": ["Yellow Line","Pink Line"],
      "layout": ["Elevated","Underground"],
      "platform": ["Side","Island"],
      "longitude": 77.18069,
      "latitude": 28.71424
    }
  },
  {
    "name": "Badarpur Border",
    "details": {"disabled friendly": 1,         "parking available": 1,         "elevator available": 1,
      "line": ["Violet Line"],
      "layout": ["Elevated"],
      "platform": ["Side"],
      "longitude": 77.30307,
      "latitude": 28.49334
    }
  },
  {
    "name": "Badkhal Mor",
    "details": {"disabled friendly": 1,         "parking available": 0,         "elevator available": 1,
      "line": ["Violet Line"],
      "layout": ["Elevated"],
      "platform": ["Side"],
      "longitude": 77.31035,
      "latitude": 28.42275
    }
  },
  {
    "name": "Bahadurgarh City",
    "details": {"disabled friendly": 1,         "parking available": 0,         "elevator available": 1,
      "line": ["Green Line"],
      "layout": ["Elevated"],
      "platform": ["Side"],
      "longitude": 76.93538,
      "latitude": 28.69074
    }
  },
  {
    "name": "Barakhambha Road",
    "details": {"disabled friendly": 1,         "parking available": 0,         "elevator available": 1,
      "line": ["Blue Line"],
      "layout": ["Underground"],
      "platform": ["Side"],
      "longitude": 77.22436,
      "latitude": 28.63003
    }
  },
  {
    "name": "Bata Chowk",
    "details": {"disabled friendly": 1,         "parking available": 1,         "elevator available": 1,
      "line": ["Violet Line"],
      "layout": ["Elevated"],
      "platform": ["Side"],
      "longitude": 77.31343,
      "latitude": 28.38596
    }
  },
  {
    "name": "Bhikaji Cama Place",
    "details": {"disabled friendly": 1,         "parking available": 0,         "elevator available": 1,
      "line": ["Pink Line"],
      "layout": ["Underground"],
      "platform": ["Island"],
      "longitude": 77.18788,
      "latitude": 28.57021
    }
  },
  {
    "name": "Botanical Garden",
    "details": {"disabled friendly": 1,         "parking available": 1,         "elevator available": 1,
      "line": ["Blue Line","Magenta Line"],
      "layout": ["Elevated","Elevated"],
      "platform": ["Side","Side"], 
      "longitude": 77.33420,
      "latitude": 28.56409
    }
  },
  {
    "name": "Brigadier Hoshiyar Singh",
    "details": {"disabled friendly": 1,         "parking available": 1,         "elevator available": 1,
      "line": ["Green Line"],
      "layout": ["Elevated"],
      "platform": ["Side"],
      "longitude": 76.91927,
      "latitude": 28.69741
    }
  },
  {
    "name": "Central Secretariat",
    "details": {"disabled friendly": 1,         "parking available": 0,         "elevator available": 1,
      "line": ["Yellow Line", "Violet Line"],
      "layout": ["Underground","Underground"],
      "platform": ["Side","Side"],
      "longitude": 77.21191,
      "latitude": 28.61474
    }
  },
  {
    "name": "Chandni Chowk",
    "details": {"disabled friendly": 1,         "parking available": 0,         "elevator available": 1,
      "line": ["Yellow Line"],
      "layout": ["Underground"],
      "platform": ["Island"],
      "longitude": 77.23014,
      "latitude": 28.65785
    }
  },
  {
    "name": "Chhatarpur",
    "details": {"disabled friendly": 1,         "parking available": 1,         "elevator available": 1,
      "line": ["Yellow Line"],
      "layout": ["Elevated"],
      "platform": ["Side"],
      "longitude": 77.17484,
      "latitude": 28.50671
    }
  },
  {
    "name": "Chawri Bazar",
    "details": {"disabled friendly": 1,         "parking available": 0,         "elevator available": 1,
      "line": ["Yellow Line"],
      "layout": ["Underground"],
      "platform": ["Island"],
      "longitude": 77.22637,
      "latitude": 28.64931
    }
  },
  {
    "name": "Chirag Delhi",
    "details": {"disabled friendly": 1,         "parking available": 0,         "elevator available": 1,
      "line": ["Magenta Line"],
      "layout": ["Underground"],
      "platform": ["Island"],
      "longitude": 77.22796,
      "latitude": 28.54151
    }
  },
  {
    "name": "Civil Lines",
    "details": {"disabled friendly": 1,         "parking available": 0,         "elevator available": 1,
      "line": ["Yellow Line"],
      "layout": ["Underground"],
      "platform": ["Side"],
      "longitude": 77.22410,
      "latitude": 28.67726
    }
  },
  {
    "name": "Dabri Mor - Janakpuri South",
    "details": {"disabled friendly": 1,         "parking available": 0,         "elevator available": 1,
      "line": ["Magenta Line"],
      "layout": ["Underground"],
      "platform": ["Island"],
      "longitude": 77.08525,
      "latitude": 28.61590
    }
  },
  {
    "name": "Dashrat Puri",
    "details": {"disabled friendly": 1,         "parking available": 0,         "elevator available": 1,
      "line": ["Magenta Line"],
      "layout": ["Underground"],
      "platform": ["Island"],
      "longitude": 77.08296,
      "latitude": 28.60404
    }
  },
  {
    "name": "Delhi Aerocity",
    "details": {"disabled friendly": 1,         "parking available": 1,         "elevator available": 1,
      "line": ["Airport Express"],
      "layout": ["Underground"],
      "platform": ["Side"],
      "longitude": 77.12092,
      "latitude": 28.54881
    }
  },
  {
    "name": "Delhi Cantonment",
    "details": {"disabled friendly": 1,         "parking available": 0,         "elevator available": 1,
      "line": ["Pink Line"],
      "layout": ["Elevated"],
      "platform": ["Side"],
      "longitude": 77.14716,
      "latitude": 28.60524
    }
  },
  {
    "name": "Delhi Gate",
    "details": {"disabled friendly": 1,         "parking available": 0,         "elevator available": 1,
      "line": ["Violet Line"],
      "layout": ["Underground"],
      "platform": ["Island"],
      "longitude": 77.25611,
      "latitude": 28.55194
    }
  },
  {
    "name": "Dhaula Kuan",
    "details": {"disabled friendly": 1,         "parking available": 1,         "elevator available": 1,
      "line": ["Airport Express"],
      "layout": ["Elevated"],
      "platform": ["Side"],
      "longitude": 77.16155,
      "latitude": 28.59178
    }
  },
  {
    "name": "Dilli Haat - INA",
    "details": {"disabled friendly": 1,         "parking available": 0,         "elevator available": 1,
      "line": ["Yellow Line","Pink Line"],
      "layout": ["Underground","Underground"],
      "platform": ["Island","Island"],
      "longitude": 77.20962,
      "latitude": 28.57444
    }
  },
  {
    "name": "Dilshad Garden",
    "details": {"disabled friendly": 1,         "parking available": 1,         "elevator available": 1,
      "line": ["Red Line"],
      "layout": ["Elevated"],
      "platform": ["Side"],
      "longitude": 77.32142,
      "latitude": 28.67592
    }
  },
  {
    "name": "Durgesbai Deshmukh South Campus",
    "details": {"disabled friendly": 1,         "parking available": 0,         "elevator available": 1,
      "line": ["Pink Line"],
      "layout": ["Elevated"],
      "platform": ["Side"],
      "longitude": 77.16951,
      "latitude": 228.58938
    }
  }, 
  {
    "name": "Dwarka",
    "details": {"disabled friendly": 1,         "parking available": 1,         "elevator available": 1,
      "line": ["Blue Line"],
      "layout": ["Elevated"],
      "platform": ["Side"],
      "longitude": 77.02197,
      "latitude": 28.61564
    }
  },
  {
    "name": "Dwarka Mor",
    "details": {"disabled friendly": 1,         "parking available": 1,         "elevator available": 1,
      "line": ["Blue Line"],
      "layout": ["Elevated"],
      "platform": ["Side"],
      "longitude": 77.03326,
      "latitude": 28.61932
    }
  },
  {
    "name": "Dwarka Sector 8",
    "details": {"disabled friendly": 1,         "parking available": 1,         "elevator available": 1,
      "line": ["Blue Line"],
      "layout": ["Elevated"],
      "platform": ["Side"],
      "longitude": 77.06701,
      "latitude": 28.56562
    }
  },
  {
    "name": "Dwarka Sector 9",
    "details": {"disabled friendly": 1,         "parking available": 1,         "elevator available": 1,
      "line": ["Blue Line"],
      "layout": ["Elevated"],
      "platform": ["Side"],
      "longitude": 77.04454,
      "latitude": 28.58969
    }
  },
  {
    "name": "Dwarka Sector 10",
    "details": {"disabled friendly": 1,         "parking available": 0,         "elevator available": 1,
      "line": ["Blue Line"],
      "layout": ["Elevated"],
      "platform": ["Side"],
      "longitude": 77.05682,
      "latitude": 28.58068
    }
  },
  {
    "name": "Dwarka Sector 11",
    "details": {"disabled friendly": 1,         "parking available": 1,         "elevator available": 1,
      "line": ["Blue Line"],
      "layout": ["Elevated"],
      "platform": ["Side"],
      "longitude": 77.04929,
      "latitude": 28.58657
    }
  },
  {
    "name": "Dwarka Sector 12",
    "details": {"disabled friendly": 1,         "parking available": 0,         "elevator available": 1,
      "line": ["Blue Line"],
      "layout": ["Elevated"],
      "platform": ["Side"],
      "longitude": 77.04051,
      "latitude": 28.59232
    }
  },
  {
    "name": "Dwarka Sector 13",
    "details": {"disabled friendly": 1,         "parking available": 0,         "elevator available": 1,
      "line": ["Blue Line"],
      "layout": ["Elevated"],
      "platform": ["Side"],
      "longitude": 77.03326,
      "latitude": 28.59722
    }
  },
  {
    "name": "Dwarka Sector 14",
    "details": {"disabled friendly": 1,         "parking available": 0,         "elevator available": 1,
      "line": ["Blue Line"],
      "layout": ["Elevated"],
      "platform": ["Side"],
      "longitude": 77.02588,
      "latitude": 28.60223
    }
  },
  {
    "name": "Dwarka Sector 21",
    "details": {"disabled friendly": 1,         "parking available": 1,         "elevator available": 1,
      "line": ["Blue Line", "Airport Express"],
      "layout": ["Underground","Underground"],
      "platform": ["Side","Side"],
      "longitude": 77.05828,
      "latitude": 28.55226
    }
  },
  {
    "name": "East Azad Nagar",
    "details": {"disabled friendly": 1,         "parking available": 0,         "elevator available": 1,
      "line": ["Pink Line"],
      "layout": ["Elevated"],
      "platform": ["Side"],
      "longitude": 77.28479,
      "latitude": 28.66479
    }
  },
  {
    "name": "East Vinod Nagar - Mayur Vihar-II",
    "details": {"disabled friendly": 1,         "parking available": 0,         "elevator available": 1,
      "line": ["Pink Line"],
      "layout": ["Elevated"],
      "platform": ["Side"],
      "longitude": 77.30527,
      "latitude": 28.62005
    }
  },
  {
    "name": "Escort Mujesar",
    "details": {"disabled friendly": 1,         "parking available": 1,         "elevator available": 1,
      "line": ["Violet Line"],
      "layout": ["Elevated"],
      "platform": ["Side"],
      "longitude": 77.31493,
      "latitude": 28.37016
    }
  },
  {
    "name": "ESI - Basaidarapur",
    "details": {"disabled friendly": 1,         "parking available": 0,         "elevator available": 1,
      "line": ["Pink Line"],
      "layout": ["Elevated"],
      "platform": ["Side"],
      "longitude": 77.12732,
      "latitude": 28.65816
    }
  },
  {
    "name": "Ghevra",
    "details": {"disabled friendly": 1,         "parking available": 0,         "elevator available": 1,
      "line": ["Green Line"],
      "layout": ["Elevated"],
      "platform": ["Side"],
      "longitude": 77.09902,
      "latitude": 28.67896
    }
  },
  {
    "name": "Ghitorni",
    "details": {"disabled friendly": 1,         "parking available": 1,         "elevator available": 1,
      "line": ["Yellow Line"],
      "layout": ["Elevated"],
      "platform": ["Side"],
      "longitude": 77.14922,
      "latitude": 28.49383
    }
  },
  {
    "name": "Gokulpuri",
    "details": {"disabled friendly": 1,         "parking available": 0,         "elevator available": 1,
      "line": ["Pink Line"],
      "layout": ["Elevated"],
      "platform": ["Side"],
      "longitude": 77.28598,
      "latitude": 28.70241
    }
  },
  {
    "name": "Golf Course",
    "details": {"disabled friendly": 1,         "parking available": 0,         "elevator available": 1,
      "line": ["Blue Line"],
      "layout": ["Elevated"],
      "platform": ["Side"],
      "longitude": 77.34598,
      "latitude": 28.56717
    }
  },
  {
    "name": "Govind Puri",
    "details": {"disabled friendly": 1,         "parking available": 1,         "elevator available": 1,
      "line": ["Violet Line"],
      "layout": ["Elevated"],
      "platform": ["Side"],
      "longitude": 77.26401,
      "latitude": 28.54451
    }
  },
  {
    "name": "Greater Kailash",
    "details": {"disabled friendly": 1,         "parking available": 0,         "elevator available": 1,
      "line": ["Magenta Line"],
      "layout": ["Underground"],
      "platform": ["Island"],
      "longitude": 77.23974,
      "latitude": 28.54237
    }
  },
  {
    "name": "Green Park",
    "details": {"disabled friendly": 1,         "parking available": 1,         "elevator available": 1,
      "line": ["Yellow Line"],
      "layout": ["Underground"],
      "platform": ["Island"],
      "longitude": 77.20682,
      "latitude": 28.55979
    }
  },
  {
    "name": "GTB Nagar",
    "details": {"disabled friendly": 1,         "parking available": 1,         "elevator available": 1,
      "line": ["Yellow Line"],
      "layout": ["Underground"],
      "platform": ["Side"], 
      "longitude": 77.20722,
      "latitude": 28.69785
    }
  },
  {
    "name": "Guru Dronacharya",
    "details": {"disabled friendly": 1,         "parking available": 1,         "elevator available": 1,
      "line": ["Yellow Line"],
      "layout": ["Elevated"],
      "platform": ["Side"],
      "longitude": 77.10232,
      "latitude": 28.48203
    }
  },
   {
    "name": "Haiderpur Badli Mor",
    "details": {"disabled friendly": 1,         "parking available": 0,         "elevator available": 1,
      "line": ["Yellow Line"],
      "layout": ["Elevated"],
      "platform": ["Island"],
      "longitude": 28.73000,
      "latitude": 28.73000
    }
  },
  {
    "name": "Harkesh Nagar Okhla",
    "details": {"disabled friendly": 1,         "parking available": 1,         "elevator available": 1,
      "line": ["Violet Line"],
      "layout": ["Elevated"],
      "platform": ["Side"],
      "longitude": 77.27504,
      "latitude": 28.54292
    }
  },
  {
    "name": "Hauz Khas",
    "details": {"disabled friendly": 1,         "parking available": 1,         "elevator available": 1,
      "line": ["Yellow Line","Magenta Line"],
      "layout": ["Underground","Underground"],
      "platform": ["Island","Island"],
      "longitude": 77.20667,
      "latitude": 28.54335
    }
  },
  {
    "name": "Hindon River",
    "details": {"disabled friendly": 1,         "parking available": 1,         "elevator available": 1,
      "line": ["Red Line"],
      "layout": ["Elevated"],
      "platform": ["Side"],
      "longitude": 77.40637,
      "latitude": 28.67341
    }
  },

  {
    "name": "HUDA City Centre",
    "details": {"disabled friendly": 1,         "parking available": 1,         "elevator available": 1,
      "line": ["Yellow Line"],
      "layout": ["Elevated"],
      "platform": ["Side"],
      "longitude": 77.07268,
      "latitude": 28.45927
    }
  },
  {
    "name": "IFFCO Chowk",
    "details": {"disabled friendly": 1,         "parking available": 1,         "elevator available": 1,
      "line": ["Yellow Line"],
      "layout": ["Elevated"],
      "platform": ["Side"],
      "longitude": 77.07175,
      "latitude": 28.47209
    }
  },
  {
    "name": "IIT Delhi",
    "details": {"disabled friendly": 1,         "parking available": 0,         "elevator available": 1,
      "line": ["Magenta Line"],
      "layout": ["Underground"],
      "platform": ["Island"], 
      "longitude": 77.19232,
      "latitude": 28.54701
    }
  },
  {
    "name": "Inderlok",
    "details": {"disabled friendly": 1,         "parking available": 1,         "elevator available": 1,
      "line": ["Red Line", "Green Line"],
      "layout": ["Elevated","Elevated"],
      "platform": ["Side","Island"],
      "longitude": 77.16994,
      "latitude": 28.67319
    }
  },
  {
    "name": "Indira Gandhi International Airport",
    "details": {"disabled friendly": 1,         "parking available": 1,         "elevator available": 1,
      "line": ["Airport Express"],
      "layout": ["Underground"],
      "platform": ["Island"], 
      "longitude": 77.08669,
      "latitude": 28.55693
    }
  },
  {
    "name": "Indraprastha",
    "details": {"disabled friendly": 1,         "parking available": 1,         "elevator available": 1,
      "line": ["Blue Line"],
      "layout": ["Elevated"],
      "platform": ["Side"],
      "longitude": 77.24993,
      "latitude": 28.62051
    }
  },
  {
    "name": "IP Extension",
    "details": {"disabled friendly": 1,         "parking available": 0,         "elevator available": 1,
      "line": ["Pink Line"],
      "layout": ["Elevated"],
      "platform": ["Side"],
      "longitude": 77.27085,
      "latitude": 28.67290
    }
  },
  {
    "name": "ITO",
    "details": {"disabled friendly": 1,         "parking available": 0,         "elevator available": 1,
      "line": ["Violet Line"],
      "layout": ["Underground"],
      "platform": ["Island"], 
      "longitude": 77.24118,
      "latitude": 28.62839
    }
  },
  {
    "name": "Jaffrabad",
    "details": {"disabled friendly": 1,         "parking available": 0,         "elevator available": 1,
      "line": ["Pink Line"],
      "layout": ["Elevated"],
      "platform": ["Side"],
      "longitude": 77.274747,
      "latitude": 28.68275
    }
  },
  {
    "name": "Jahangirpuri",
    "details": {"disabled friendly": 1,         "parking available": 1,         "elevator available": 1,
      "line": ["Yellow Line"],
       "layout": ["Elevated"],
      "platform": ["Side"],
      "longitude": 77.16267,
      "latitude": 28.72592
    }
  },
  {
    "name": "Jama Masjid",
    "details": {"disabled friendly": 1,         "parking available": 0,         "elevator available": 1,
      "line": ["Violet Line"],
       "layout": ["Underground"],
      "platform": ["Island"], 
      "longitude": 77.23799,
      "latitude": 28.65014
    }
  },
  {
    "name": "Jamia Millia Islamia",
    "details": {"disabled friendly": 1,         "parking available": 1,         "elevator available": 1,
      "line": ["Magenta Line"],
       "layout": ["Elevated"],
      "platform": ["Side"],
      "longitude": 77.28499,
      "latitude": 28.56051
    }
  },
  {
    "name": "Janakpuri East",
    "details": {"disabled friendly": 1,         "parking available": 1,         "elevator available": 1,
      "line": ["Blue Line"],
       "layout": ["Elevated"],
      "platform": ["Side"],
      "longitude": 77.08669,
      "latitude": 28.63305
    }
  },
  {
    "name": "Janakpuri West",
    "details": {"disabled friendly": 1,         "parking available": 1,         "elevator available": 1,
      "line": ["Blue Line","Magenta Line"],
       "layout": ["Elevated","Underground"],
      "platform": ["Side","Island"],
      "longitude": 77.07767,
      "latitude": 28.62943
    }
  },
  {
    "name": "Jangpura",
    "details": {"disabled friendly": 1,         "parking available": 0,         "elevator available": 1,
      "line": ["Violet Line"],
      "layout": ["Underground"],
      "platform": ["Island"], 
      "longitude": 77.23766,
      "latitude": 28.58430
    }
  },
  {
    "name": "Janpath",
    "details": {"disabled friendly": 1,         "parking available": 0,         "elevator available": 1,
      "line": ["Violet Line"],
      "layout": ["Underground"],
      "platform": ["Island"], 
      "longitude": 77.21918,
      "latitude": 28.62506
    }
  },
  {
    "name": "Jasola Apollo",
    "details": {"disabled friendly": 1,         "parking available": 1,         "elevator available": 1,
      "line": ["Violet Line"],
       "layout": ["Elevated"],
      "platform": ["Side"],
      "longitude": 77.28319,
      "latitude": 28.53824
    }
  },
  {
    "name": "Jasola Vihar Shaheen Bagh",
    "details": {"disabled friendly": 1,         "parking available": 1,         "elevator available": 1,
      "line": ["Magenta Line"],
      "layout": ["Elevated"],
      "platform": ["Side"],
      "longitude": 77.29608,
      "latitude": 28.54681
    }
  },
  {
    "name": "Jawaharlal Nehru Stadium",
    "details": {"disabled friendly": 1,         "parking available": 0,         "elevator available": 1,
      "line": ["Violet Line"],
      "layout": ["Underground"],
      "platform": ["Island"], 
      "longitude": 77.23326,
      "latitude": 28.59040
    }
  },
  {
    "name": "Jhandewalan",
    "details": {"disabled friendly": 1,         "parking available": 0,         "elevator available": 1,
      "line": ["Blue Line"],
      "layout": ["Elevated"],
      "platform": ["Side"],
      "longitude": 77.19988,
      "latitude": 28.64427
    }
  },
  {
    "name": "Jhilmil",
    "details": {"disabled friendly": 1,         "parking available": 1,         "elevator available": 1,
      "line": ["Red Line"],
      "layout": ["Elevated"],
      "platform": ["Side"],
      "longitude": 77.31239,
      "latitude": 28.67579
    }
  },
  {
    "name": "Johri Enclave",
    "details": {"disabled friendly": 1,         "parking available": 0,         "elevator available": 1,
      "line": ["Pink Line"],
      "layout": ["Elevated"],
      "platform": ["Side"],
      "longitude": 77.29006,
      "latitude": 28.71318
    }
  },
  {
    "name": "Jor Bagh",
    "details": {"disabled friendly": 1,         "parking available": 0,         "elevator available": 1,
      "line": ["Yellow Line"],
      "layout": ["Underground"],
      "platform": ["Island"], 
      "longitude": 77.21209,
      "latitude": 28.58708
    }
  },
  {
    "name": "Kailash Colony",
    "details": {"disabled friendly": 1,         "parking available": 0,         "elevator available": 1,
      "line": ["Violet Line"],
      "layout": ["Elevated"],
      "platform": ["Side"],
      "longitude": 77.24205,
      "latitude": 28.55527
    }
  },
  {
    "name": "Kalindi Kunj",
    "details": {"disabled friendly": 1,         "parking available": 0,         "elevator available": 1,
      "line": ["Magenta Line"],
      "layout": ["Elevated"],
      "platform": ["Side"],
      "longitude": 7.31017,
      "latitude": 28.54283
    }
  },
  {
    "name": "Kalkaji Mandir",
    "details": {"disabled friendly": 1,         "parking available": 1,         "elevator available": 1,
      "line": ["Violet Line","Magenta Line"],
      "layout": ["Elevated","Underground"],
      "platform": ["Side","Side"],
      "longitude": 77.25835,
      "latitude": 28.55007
    }
  },
  {
    "name": "Kanhiya Nagar",
    "details": {"disabled friendly": 1,         "parking available": 1,         "elevator available": 1,
      "line": ["Red Line"],
      "layout": ["Elevated"],
      "platform": ["Side"],
      "longitude": 77.16459,
      "latitude": 28.68254
    }
  },
  {
    "name": "Karkarduma",
    "details": {"disabled friendly": 1,         "parking available": 1,         "elevator available": 1,
      "line": ["Blue Line branch","Pink Line"],
      "layout": ["Elevated","Elevated"],
      "platform": ["Side","Side"],
      "longitude": 77.30558,
      "latitude": 28.64849
    }
  },
  {
    "name": "Karkarduma Court",
    "details": {"disabled friendly": 1,         "parking available": 0,         "elevator available": 1,
      "line": ["Pink Line"],
      "layout": ["Elevated"],
      "platform": ["Side"],
      "longitude": 77.29558,
      "latitude": 28.65359
    }
  },
  {
    "name": "Karol Bagh",
    "details": {"disabled friendly": 1,         "parking available": 0,         "elevator available": 1,
      "line": ["Blue Line"],
      "layout": ["Elevated"],
      "platform": ["Side"],
      "longitude": 77.18855,
      "latitude": 28.64400
    }
  },
  {
    "name": "Kashmere Gate",
    "details": {"disabled friendly": 1,         "parking available": 1,         "elevator available": 1,
      "line": ["Red Line", "Yellow Line","Violet Line"],
      "layout": ["Elevated","Underground","Underground"],
      "platform": ["Side","Island","Island"],
      "longitude": 77.22817,
      "latitude": 28.66750
    }
  },
  {
    "name": "Kaushambi",
    "details": {"disabled friendly": 1,         "parking available": 1,         "elevator available": 1,
      "line": ["Blue Line branch"],
      "layout": ["Elevated"],
      "platform": ["Side"],
      "longitude": 77.32432,
      "latitude": 28.64544
    }
  },
  {
    "name": "Keshav Puram",
    "details": {"disabled friendly": 1,         "parking available": 1,         "elevator available": 1,
      "line": ["Red Line"],
      "layout": ["Elevated"],
      "platform": ["Side"],
      "longitude": 77.16160,
      "latitude": 28.68894
    }
  },
  {
    "name": "Khan Market",
    "details": {"disabled friendly": 1,         "parking available": 0,         "elevator available": 1,
      "line": ["Violet Line"],
      "layout": ["Underground"],
      "platform": ["Island"], 
      "longitude": 77.22829,
      "latitude": 28.60276
    }
  },
  {
    "name": "Kirti Nagar",
    "details": {"disabled friendly": 1,         "parking available": 1,         "elevator available": 1,
      "line": ["Blue Line", "Green Line Branch"],
      "layout": ["Elevated","At Grade"],
      "platform": ["Side","Side"],
      "longitude": 77.15057,
      "latitude": 28.65575
    }
  },
  {
    "name": "Krishna Nagar",
    "details": {"disabled friendly": 1,         "parking available": 0,         "elevator available": 1,
      "line": ["Pink Line"],
      "layout": ["Elevated"],
      "platform": ["Side"],
      "longitude": 77.28997,
      "latitude": 28.65808
    }
  },
  {
    "name": "Kohat Enclave",
    "details": {"disabled friendly": 1,         "parking available": 1,         "elevator available": 1,
      "line": ["Red Line"],
      "layout": ["Elevated"],
      "platform": ["Side"],
      "longitude": 77.14024,
      "latitude": 28.69810
    }
  },
  {
    "name": "Lajpat Nagar",
    "details": {"disabled friendly": 1,         "parking available": 1,         "elevator available": 1,
      "line": ["Violet Line","Pink Line"],
      "layout": ["Elevated","Underground"],
      "platform": ["Side","Island"],
      "longitude": 77.23653,
      "latitude": 28.57079
    }
  },
  {
    "name": "Lal Qila",
    "details": {"disabled friendly": 1,         "parking available": 0,         "elevator available": 1,
      "line": ["Violet Line"],
      "layout": ["Underground"],
      "platform": ["Island"], 
      "longitude": 77.23681,
      "latitude": 28.65685
    }
  },
  {
    "name": "Laxmi Nagar",
    "details": {"disabled friendly": 1,         "parking available": 0,         "elevator available": 1,
      "line": ["Blue Line branch"],
      "layout": ["Elevated"],
      "platform": ["Side"],
      "longitude": 77.27749,
      "latitude": 28.63064
    }
  },
  {
    "name": "Lok Kalyan Marg",
    "details": {"disabled friendly": 1,         "parking available": 0,         "elevator available": 1,
      "line": ["Yellow Line"],
      "layout": ["Underground"],
      "platform": ["Island"], 
      "longitude": 77.21088,
      "latitude": 28.59726
    }
  },
  {
    "name": "Madipur",
    "details": {"disabled friendly": 1,         "parking available": 1,         "elevator available": 1,
      "line": ["Green Line"],
      "layout": ["Elevated"],
      "platform": ["Side"],
      "longitude": 77.11965,
      "latitude": 28.67734
    }
   },
  {
    "name": "Maharaja Surajmal Stadium",
    "details": {"disabled friendly": 1,         "parking available": 0,         "elevator available": 1,
      "line": ["Green Line"],
      "layout": ["Elevated"],
      "platform": ["Side"],
      "longitude": 77.07385,
      "latitude": 28.68180
    }
  },
  {
    "name": "Majlis Park",
    "details": {"disabled friendly": 1,         "parking available": 1,         "elevator available": 1,
      "line": ["Pink Line"],
      "layout": ["Elevated"],
      "platform": ["Side"],
      "longitude": 77.18205,
      "latitude": 28.72416
    }
  },
  {
    "name": "Major Mohit Sharma Rajendar Nagar",
    "details": {"disabled friendly": 1,         "parking available": 0,         "elevator available": 1,
      "line": ["Red Line"],
      "layout": ["Elevated"],
      "platform": ["Side"],
      "longitude": 77.35828,
      "latitude": 28.67762
    }
  },
  {
    "name": "Malviya Nagar",
    "details": {"disabled friendly": 1,         "parking available": 1,         "elevator available": 1,
      "line": ["Yellow Line"],
      "layout": ["Underground"],
      "platform": ["Island"], 
      "longitude": 77.20565,
      "latitude": 28.52798
    }
  },
  {
    "name": "Mandawali - West Vinod Nagar",
    "details": {"disabled friendly": 1,         "parking available": 0,         "elevator available": 1,
      "line": ["Pink Line"],
      "layout": ["Elevated"],
      "platform": ["Side"],
      "longitude": 77.30437,
      "latitude": 28.62487
    }
  },
  {
    "name": "Mandi House",
    "details": {"disabled friendly": 1,         "parking available": 0,         "elevator available": 1,
      "line": ["Blue Line","Violet Line"],
      "layout": ["Underground","Underground"],
      "platform": ["Side","Island"], 
      "longitude": 77.23410,
      "latitude": 28.62588
    }
  },
  {
    "name": "Mansarovar Park",
    "details": {"disabled friendly": 1,         "parking available": 1,         "elevator available": 1,
      "line": ["Red Line"],
      "layout": ["Elevated"],
      "platform": ["Side"],
      "longitude": 77.30095,
      "latitude": 28.67544
    }
  },
  {
    "name": "Maujpur - Babarpur",
    "details": {"disabled friendly": 1,         "parking available": 0,         "elevator available": 1,
      "line": ["Pink Line"],
      "layout": ["Elevated"],
      "platform": ["Side"],
      "longitude": 77.27961,
      "latitude": 28.69210
    }
  },
  {
    "name": "Mayapuri",
    "details": {"disabled friendly": 1,         "parking available": 1,         "elevator available": 1,
      "line": ["Pink Line"],
      "layout": ["Elevated"],
      "platform": ["Side"],
      "longitude": 77.27085,
      "latitude": 28.67290
    }
  },
  {
    "name": "Mayur Vihar Phase 1",
    "details": {"disabled friendly": 1,         "parking available": 1,         "elevator available": 1,
      "line": ["Blue Line","Pink Line"],
     "layout": ["Elevated","Elevated"],
      "platform": ["Island","Side"],
      "longitude": 77.28925,
      "latitude": 28.60442
    }
  },
  {
    "name": "Mayur Vihar Extension",
    "details": {"disabled friendly": 1,         "parking available": 1,         "elevator available": 1,
      "line": ["Blue Line"],
      "layout": ["Elevated"],
      "platform": ["Island"],
      "longitude": 77.29455,
      "latitude": 28.59428
    }
  },
  {
    "name": "Mayur Vihar Pocket 1",
    "details": {"disabled friendly": 1,         "parking available": 0,         "elevator available": 1,
      "line": ["Pink Line"],
      "layout": ["Elevated"],
      "platform": ["side"],
      "longitude": 77.29870,
      "latitude": 28.60579
    }
  },
  {
    "name": "Mewla Maharajpur",
    "details": {"disabled friendly": 1,         "parking available": 1,         "elevator available": 1,
      "line": ["Violet Line"],
      "layout": ["Elevated"],
      "platform": ["Side"],
      "longitude": 77.30805,
      "latitude": 28.44856
    }
  },
  {
    "name": "MG Road",
    "details": {"disabled friendly": 1,         "parking available": 1,         "elevator available": 1,
      "line": ["Yellow Line"],
      "layout": ["Elevated"],
      "platform": ["Side"],
      "longitude": 77.08006,
      "latitude": 28.47957
    }
  },
  {
    "name": "Model Town",
    "details": {"disabled friendly": 1,         "parking available": 0,         "elevator available": 1,
      "line": ["Yellow Line"],
      "layout": ["Elevated"],
      "platform": ["Side"],
      "longitude": 77.19363,
      "latitude": 28.70278
    }
  },
  {
    "name": "Mohan Estate",
    "details": {"disabled friendly": 1,         "parking available": 1,         "elevator available": 1,
      "line": ["Violet Line"],
      "layout": ["Elevated"],
      "platform": ["Side"],
      "longitude": 77.29388,
      "latitude": 28.51938
    }
  },
  {
    "name": "Mohan Nagar",
    "details": {"disabled friendly": 1,         "parking available": 0,         "elevator available": 1,
      "line": ["Red Line"],
      "layout": ["Elevated"],
      "platform": ["Side"],
      "longitude": 77.38393,
      "latitude": 28.67848
    }
  },
  {
    "name": "Moolchand",
    "details": {"disabled friendly": 1,         "parking available": 1,         "elevator available": 1,
      "line": ["Violet Line"],
      "layout": ["Elevated"],
      "platform": ["Side"],
      "longitude": 77.23423,
      "latitude": 28.56417
    }
  },
  {
    "name": "Moti Nagar",
    "details": {"disabled friendly": 1,         "parking available": 1,         "elevator available": 1,
      "line": ["Blue Line"],
      "layout": ["Elevated"],
      "platform": ["Side"],
      "longitude": 77.14248,
      "latitude": 28.65784
    }
  },
  {
    "name": "Mundka",
    "details": {"disabled friendly": 1,         "parking available": 1,         "elevator available": 1,
      "line": ["Green Line"],
      "layout": ["Elevated"],
      "platform": ["Side"],
      "longitude": 77.03133,
      "latitude": 28.68321
    }
  },
  {
    "name": "Mundka Industrial Area",
    "details": {"disabled friendly": 1,         "parking available": 0,         "elevator available": 1,
      "line": ["Green Line"],
      "layout": ["Elevated"],
      "platform": ["Side"],
      "longitude": 77.017150,
      "latitude": 28.68343
    }
  },
  {
    "name": "Munirka",
    "details": {"disabled friendly": 1,         "parking available": 0,         "elevator available": 1,
      "line": ["Green Line"],
      "layout": ["Underground"],
      "platform": ["Island"], 
      "longitude": 77.18818,
      "latitude": 28.54931
    }
  },
  {
    "name": "Nangloi",
    "details": {"disabled friendly": 1,         "parking available": 1,         "elevator available": 1,
      "line": ["Green Line"],
     "layout": ["Elevated"],
      "platform": ["Side"],
      "longitude": 77.06471,
      "latitude": 28.68231
    }
  },
  {
    "name": "Nangloi Railway station",
    "details": {"disabled friendly": 1,         "parking available": 0,         "elevator available": 1,
      "line": ["Green Line"],
      "layout": ["Elevated"],
      "platform": ["Side"],
      "longitude": 77.05596,
      "latitude": 28.68208
    }
  },
  {
    "name": "Naraina Vihar",
    "details": {"disabled friendly": 1,         "parking available": 0,         "elevator available": 1,
      "line": ["Pink Line"],
      "layout": ["Underground"],
      "platform": ["Island"],
      "longitude": 77.1365, 
      "latitude": 28.6241
    }
  },
  {
    "name": "Nawada",
    "details": {"disabled friendly": 1,         "parking available": 0,         "elevator available": 1,
      "line": ["Blue Line"],
      "layout": ["Elevated"],
      "platform": ["Side"],
      "longitude": 77.04514,
      "latitude": 28.62025
    }
  },
  {
    "name": "Neelam Chowk Ajronda",
    "details": {"disabled friendly": 1,         "parking available": 1,         "elevator available": 1,
      "line": ["Violet Line"],
      "layout": ["Elevated"],
      "platform": ["Side"],
      "longitude": 77.31236,
      "latitude": 28.39766
    }
  },
  {
    "name": "Nehru Enclave",
    "details": {"disabled friendly": 1,         "parking available": 1,         "elevator available": 1,
      "line": ["Magenta Line"],
      "layout": ["Underground"],
      "platform": ["Island"],
      "longitude": 77.04514,
      "latitude": 28.62025
    }
  },
  {
    "name": "Nehru Place",
    "details": {"disabled friendly": 1,         "parking available": 1,         "elevator available": 1,
      "line": ["Violet Line"],
      "layout": ["Elevated"],
      "platform": ["Side"],
      "longitude": 77.24691,
      "latitude": 28.54454
    }
  },
  {
    "name": "Netaji Subhash Place",
    "details": {"disabled friendly": 1,         "parking available": 1,         "elevator available": 1,
      "line": ["Red Line","Pink Line"],
      "layout": ["Elevated","Underground"],
      "platform": ["Side","Side"],
      "longitude": 77.15226,
      "latitude": 28.69591
    }
  },
  {
    "name": "New Ashok Nagar",
    "details": {"disabled friendly": 1,         "parking available": 0,         "elevator available": 1,
      "line": ["Blue Line"],
      "layout": ["Elevated"],
      "platform": ["Side"],
      "longitude": 77.30204,
      "latitude": 28.58916
    }
  },
  {
    "name": "New Delhi",
    "details": {"disabled friendly": 1,         "parking available": 1,         "elevator available": 1,
      "line": ["Yellow Line", "Airport Express"],
     "layout": ["Underground","Underground"],
      "platform": ["Island","Island"], 
      "longitude": 77.22144,
      "latitude": 28.64307
    }
  },
  {
    "name": "NHPC Chowk",
    "details": {"disabled friendly": 1,         "parking available": 1,         "elevator available": 1,
      "line": ["Violet Line"],
      "layout": ["Elevated"],
      "platform": ["Side"],
      "longitude": 77.30744,
      "latitude": 28.45770
    }
  },
  {
    "name": "Nirman Vihar",
    "details": {"disabled friendly": 1,         "parking available": 0,         "elevator available": 1,
      "line": ["Blue Line branch"],
      "layout": ["Elevated"],
      "platform": ["Side"],
      "longitude": 77.28683,
      "latitude": 28.63663
    }
  },
  {
    "name": "Noida City Centre",
    "details": {"disabled friendly": 1,         "parking available": 1,         "elevator available": 1,
      "line": ["Blue Line"],
      "layout": ["Elevated"],
      "platform": ["Side"],
      "longitude": 77.35608,
      "latitude": 28.57466
    }
  },
  {
    "name": "Noida Electronic City",
    "details": {"disabled friendly": 1,         "parking available": 1,         "elevator available": 1,
      "line": ["Blue Line"],
      "layout": ["Elevated"],
      "platform": ["Side"],
      "longitude": 77.37493,
      "latitude": 28.62794
    }
  },
  {
    "name": "Noida Sector 15",
    "details": {"disabled friendly": 1,         "parking available": 0,         "elevator available": 1,
      "line": ["Blue Line"],
      "layout": ["Elevated"],
      "platform": ["Side"],
      "longitude": 77.31139,
      "latitude": 28.58512
    }
  },
  {
    "name": "Noida Sector 16",
    "details": {"disabled friendly": 1,         "parking available": 0,         "elevator available": 1,
      "line": ["Blue Line"],
      "layout": ["Elevated"],
      "platform": ["Side"],
      "longitude": 77.31757,
      "latitude": 28.57819
    }
  },
  {
    "name": "Noida Sector 18",
    "details": {"disabled friendly": 1,         "parking available": 0,         "elevator available": 1,
      "line": ["Blue Line"],
      "layout": ["Elevated"],
      "platform": ["Side"],
      "longitude": 77.32612,
      "latitude": 28.57081
    }
  },
  {
    "name": "Noida Sector 34",
    "details": {"disabled friendly": 1,         "parking available": 0,         "elevator available": 1,
      "line": ["Blue Line"],
      "layout": ["Elevated"],
      "platform": ["Side"],
      "longitude": 77.36348,
      "latitude": 28.58011
    }
  },
  {
    "name": "Noida Sector 52",
    "details": {"disabled friendly": 1,         "parking available": 0,         "elevator available": 1,
      "line": ["Blue Line"],
      "layout": ["Elevated"],
      "platform": ["Side"],
      "longitude": 77.32156,
      "latitude": 28.57491
    }
  },
  {
    "name": "Noida Sector 59",
    "details": {"disabled friendly": 1,         "parking available": 0,         "elevator available": 1,
      "line": ["Blue Line"],
      "layout": ["Elevated"],
      "platform": ["Side"],
      "longitude": 77.321565,
      "latitude": 28.57491
    }
  },
  {
    "name": "Noida Sector 61",
    "details": {"disabled friendly": 1,         "parking available": 0,         "elevator available": 1,
      "line": ["Blue Line"],
      "layout": ["Elevated"],
      "platform": ["Side"],
      "longitude": 77.32156,
      "latitude": 28.57491
    }
  },
  {
    "name": "Noida Sector 62",
    "details": {"disabled friendly": 1,         "parking available": 0,         "elevator available": 1,
      "line": ["Blue Line"],
      "layout": ["Elevated"],
      "platform": ["Side"],
      "longitude": 77.32156,
      "latitude": 28.57491
    }
  },
  {
    "name": "Okhla Bird Sanctuary",
    "details": {"disabled friendly": 1,         "parking available": 1,         "elevator available": 1,
      "line": ["Magenta Line"],
      "layout": ["Elevated"],
      "platform": ["Side"],
      "longitude": 77.31852,
      "latitude": 28.55144
    }
  },
  {
    "name": "Okhla NSIC",
    "details": {"disabled friendly": 1,         "parking available": 0,         "elevator available": 1,
      "line": ["Magenta Line"],
      "layout": ["Elevated"],
      "platform": ["Side"],
      "longitude": 77.26488,
      "latitude": 28.55442
    }
  },
  {
    "name": "Okhla Vihar",
    "details": {"disabled friendly": 1,         "parking available": 0,         "elevator available": 1,
      "line": ["Magenta Line"],
      "layout": ["Elevated"],
      "platform": ["Side"],
      "longitude": 77.29298,
      "latitude": 28.55342
    }
  },
  {
    "name": "Old Faridabad",
    "details": {"disabled friendly": 1,         "parking available": 1,         "elevator available": 1,
      "line": ["Violet Line"],
      "layout": ["Elevated"],
      "platform": ["Side"],
      "longitude": 77.31150,
      "latitude": 28.41077
    }
  },
  {
    "name": "Palam",
    "details": {"disabled friendly": 1,         "parking available": 0,         "elevator available": 1,
      "line": ["Magenta Line"],
      "layout": ["Underground"],
      "platform": ["Island"], 
      "longitude": 77.08709,
      "latitude": 28.58666
    }
  },
  {
    "name": "Panchsheel Park",
    "details": {"disabled friendly": 1,         "parking available": 0,         "elevator available": 1,
      "line": ["Magenta Line"],
      "layout": ["Underground"],
      "platform": ["Island"], 
      "longitude": 77.21442,
      "latitude": 28.54287
    }
  },
  {
    "name": "Pandit Shree Ram Sharma",
    "details": {"disabled friendly": 1,         "parking available": 1,         "elevator available": 1,
      "line": ["Green Line"],
      "layout": ["Elevated"],
      "platform": ["Side"],
      "longitude": 28.68924,
      "latitude": 28.68924
    }
  },
  {
    "name": "Paschim Vihar East",
    "details": {"disabled friendly": 1,         "parking available": 1,         "elevator available": 1,
      "line": ["Green Line"],
      "layout": ["Elevated"],
      "platform": ["Side"],
      "longitude": 77.11228,
      "latitude": 28.67730
    }
  },
  {
    "name": "Paschim Vihar West",
    "details": {"disabled friendly": 1,         "parking available": 0,         "elevator available": 1,
      "line": ["Green Line"],
      "layout": ["Elevated"],
      "platform": ["Side"],
      "longitude": 77.10227,
      "latitude": 28.67855
    }
  },
  {
    "name": "Patel Chowk",
    "details": {"disabled friendly": 1,         "parking available": 1,         "elevator available": 1,
      "line": ["Yellow Line"],
      "layout": ["Underground"],
      "platform": ["Island"], 
      "longitude": 77.21389,
      "latitude": 28.62295
    }
  },
  {
    "name": "Patel Nagar",
    "details": {"disabled friendly": 1,         "parking available": 1,         "elevator available": 1,
      "line": ["Blue Line"],
      "layout": ["Elevated"],
      "platform": ["Side"],
      "longitude": 77.16929,
      "latitude": 28.64498
    }
  },
  {
    "name": "Peeragarhi",
    "details": {"disabled friendly": 1,         "parking available": 1,         "elevator available": 1,
      "line": ["Green Line"],
      "layout": ["Elevated"],
      "platform": ["Side"],
      "longitude": 77.09261,
      "latitude": 28.67959
    }
  },
  {
    "name": "Pitampura",
    "details": {"disabled friendly": 1,         "parking available": 0,         "elevator available": 1,
      "line": ["Red Line"],
      "layout": ["Elevated"],
      "platform": ["Side"],
      "longitude": 77.13223,
      "latitude": 28.70317
    }
  },
  {
    "name": "Pratap Nagar",
    "details": {"disabled friendly": 1,         "parking available": 1,         "elevator available": 1,
      "line": ["Red Line"],
      "layout": ["Elevated"],
      "platform": ["Side"],
      "longitude": 77.19882,
      "latitude": 28.66662
    }
  },
  {
    "name": "Preet Vihar",
    "details": {"disabled friendly": 1,         "parking available": 0,         "elevator available": 1,
      "line": ["Blue Line branch"],
      "layout": ["Elevated"],
      "platform": ["Side"],
      "longitude": 77.29543,
      "latitude": 28.64171
    }
  },
  {
    "name": "Pul Bangash",
    "details": {"disabled friendly": 1,         "parking available": 1,         "elevator available": 1,
      "line": ["Red Line"],
      "layout": ["Elevated"],
      "platform": ["Side"],
      "longitude": 77.20727,
      "latitude": 28.66636
    }
  },
  {
    "name": "Punjabi Bagh",
    "details": {"disabled friendly": 1,         "parking available": 1,         "elevator available": 1,
      "line": ["Green Line"],
      "layout": ["Elevated"],
      "platform": ["Side"],
      "longitude": 77.14614,
      "latitude": 28.67289
    }
  },
  {
    "name": "Punjabi Bagh West",
    "details": {"disabled friendly": 1,         "parking available": 0,         "elevator available": 1,
      "line": ["Green Line","Pink Line"],
      "layout": ["Elevated","Elevated"],
      "platform": ["Side","Side"],
      "longitude": 77.1391,
      "latitude": 28.67274
    }
  },
  {
    "name": "Qutub Minar",
    "details": {"disabled friendly": 1,         "parking available": 1,         "elevator available": 1,
      "line": ["Yellow Line"],
      "layout": ["Elevated"],
      "platform": ["Side"],
      "longitude": 77.18648,
      "latitude": 28.51302
    }
  },
  {
    "name": "R K Puram",
    "details": {"disabled friendly": 1,         "parking available": 0,         "elevator available": 1,
      "line": ["Magenta Line"],
      "layout": ["Underground"],
      "platform": ["Island"], 
      "longitude": 77.17615,
      "latitude": 28.55613
    }
  },
  {
    "name": "Raja Nahar Singh",
    "details": {"disabled friendly": 1,         "parking available": 1,         "elevator available": 1,
      "line": ["Violet Line"],
      "layout": ["Elevated"],
      "platform": ["Side"],
      "longitude": 28.33980,
      "latitude": 28.33980
    }
  },
  {
    "name": "Raj Bagh",
    "details": {"disabled friendly": 1,         "parking available": 0,         "elevator available": 1,
      "line": ["Red Line"],
      "layout": ["Elevated"],
      "platform": ["Side"],
      "longitude": 77.34658,
      "latitude": 28.677029
    }
  },
  {
    "name": "Rajdhani Park",
    "details": {"disabled friendly": 1,         "parking available": 0,         "elevator available": 1,
      "line": ["Green Line"],
      "layout": ["Elevated"],
      "platform": ["Side"],
      "longitude": 77.04381,
      "latitude": 28.68221
    }
  },
  {
    "name": "Rajendra Place",
    "details": {"disabled friendly": 1,         "parking available": 1,         "elevator available": 1,
      "line": ["Blue Line"],
      "layout": ["Elevated"],
      "platform": ["Side"],
      "longitude": 77.17815,
      "latitude": 28.64250
    }
  },
  {
    "name": "Rajiv Chowk",
    "details": {"disabled friendly": 1,         "parking available": 0,         "elevator available": 1,
      "line": ["Yellow Line", "Blue Line"],
      "layout": ["Underground","Underground"],
      "platform": ["Island","Side"],
      "longitude": 77.21826,
      "latitude": 28.63282
    }
  },
  {
    "name": "Rajouri Garden",
    "details": {"disabled friendly": 1,         "parking available": 1,         "elevator available": 1,
      "line": ["Blue Line","Pink Line"],
      "layout": ["Elevated","Elevated"],
      "platform": ["Side","Side"],
      "longitude": 77.12270,
      "latitude": 28.64902
    }
  },
  {
    "name": "Ramakrishna Ashram Marg",
    "details": {"disabled friendly": 1,         "parking available": 1,         "elevator available": 1,
      "line": ["Blue Line"],
      "layout": ["Elevated"],
      "platform": ["Side"],
      "longitude": 77.20840,
      "latitude": 28.63923
    }
  },
  {
    "name": "Ramesh Nagar",
    "details": {"disabled friendly": 1,         "parking available": 1,         "elevator available": 1,
      "line": ["Blue Line"],
      "layout": ["Elevated"],
      "platform": ["Side"],
      "longitude": 77.13164,
      "latitude": 28.65274
    }
  },
  {
    "name": "Rithala",
    "details": {"disabled friendly": 1,         "parking available": 1,         "elevator available": 1,
      "line": ["Red Line"],
      "layout": ["Elevated"],
      "platform": ["Side"],
      "longitude": 77.10713,
      "latitude": 28.72072
    }
  },
  {
    "name": "Rohini East",
    "details": {"disabled friendly": 1,         "parking available": 1,         "elevator available": 1,
      "line": ["Red Line"],
      "layout": ["Elevated"],
      "platform": ["Side"],
      "longitude": 77.12591,
      "latitude": 28.70760
    }
  },
  {
    "name": "Rohini Sector 18, 19",
    "details": {"disabled friendly": 1,         "parking available": 1,         "elevator available": 1,
      "line": ["Yellow Line"],
      "layout": ["Elevated"],
      "platform": ["Side"],
      "longitude": 77.13986,
      "latitude": 28.73838
    }
  },
  {
    "name": "Rohini West",
    "details": {"disabled friendly": 1,         "parking available": 1,         "elevator available": 1,
      "line": ["Red Line"],
      "layout": ["Elevated"],
      "platform": ["Side"],
      "longitude": 77.11467,
      "latitude": 28.71483
    }
  },
  {
    "name": "Sadar Bazaar Cantonment",
    "details": {"disabled friendly": 1,         "parking available": 0,         "elevator available": 1,
      "line": ["Magenta Line"],
      "layout": ["Elevated"],
      "platform": ["Side"],
      "longitude": 77.09332,
      "latitude": 28.58295
    }
  },
  {
    "name": "Saket",
    "details": {"disabled friendly": 1,         "parking available": 1,         "elevator available": 1,
      "line": ["Yellow Line"],
      "layout": ["Underground"],
      "platform": ["Island"], 
      "longitude": 77.20138,
      "latitude": 28.52060
    }
  },
  {
    "name": "Samaypur Badli",
    "details": {"disabled friendly": 1,         "parking available": 0,         "elevator available": 1,
      "line": ["Yellow Line"],
      "layout": ["Elevated"],
      "platform": ["Side"],
      "longitude": 77.138292,
      "latitude": 28.74463
    }
  },
  {
    "name": "Sant Surdas",
    "details": {"disabled friendly": 1,         "parking available": 0,         "elevator available": 1,
      "line": ["Violet Line"],
      "layout": ["Elevated"],
      "platform": ["Side"],
      "longitude": 77.31616,
      "latitude": 28.35468
    }
  },
  {
    "name": "Sarai",
    "details": {"disabled friendly": 1,         "parking available": 0,         "elevator available": 1,
      "line": ["Violet Line"],
      "layout": ["Elevated"],
      "platform": ["Side"],
      "longitude": 77.3049,
      "latitude": 28.47807
    }
  },
  {
    "name": "Sarai Kale Khan",
    "details": {"disabled friendly": 1,         "parking available": 0,         "elevator available": 1,
      "line": ["Pink Line"],
      "layout": ["Underground"],
      "platform": ["Island"], 
      "longitude": 77.25324,
      "latitude": 28.58807
    }
  },
  {
    "name": "Sarita Vihar",
    "details": {"disabled friendly": 1,         "parking available": 1,         "elevator available": 1,
      "line": ["Violet Line"],
      "layout": ["Elevated"],
      "platform": ["Side"],
      "longitude": 77.28826,
      "latitude": 28.52878
    }
  },
  {
    "name": "Sarojini Nagar",
    "details": {"disabled friendly": 1,         "parking available": 0,         "elevator available": 1,
      "line": ["Pink Line"],
      "layout": ["Underground"],
      "platform": ["Island"], 
      "longitude": 77.19526,
      "latitude": 28.57426
    }
  },
  {
    "name": "Satguru Ramsingh Marg",
    "details": {"disabled friendly": 1,         "parking available": 0,         "elevator available": 1,
      "line": ["Green Line branch"],
      "layout": ["Elevated"],
      "platform": ["Side"],
      "longitude": 77.15748,
      "latitude": 28.66199
    }
  },
  {
    "name": "Sector 28",
    "details": {"disabled friendly": 1,         "parking available": 1,         "elevator available": 1,
      "line": ["Violet Line"],
      "layout": ["Elevated"],
      "platform": ["Side"],
      "longitude": 77.30909,
      "latitude": 28.43832
    }
  },
  {
    "name": "Seelampur",
    "details": {"disabled friendly": 1,         "parking available": 1,         "elevator available": 1,
      "line": ["Red Line"],
      "layout": ["At Grade"],
      "platform": ["Island"],
      "longitude": 77.26678,
      "latitude": 28.66989
    }
  },
  {
    "name": "Shadipur",
    "details": {"disabled friendly": 1,         "parking available": 1,         "elevator available": 1,
      "line": ["Blue Line"],
      "layout": ["Elevated"],
      "platform": ["Side"],
      "longitude": 77.15824,
      "latitude": 28.65160
    }
  },
  {
    "name": "Shahdara",
    "details": {"disabled friendly": 1,         "parking available": 1,         "elevator available": 1,
      "line": ["Red Line"],
      "layout": ["At Grade"],
      "platform": ["Side"],
      "longitude": 77.28962,
      "latitude": 28.67345
    }
  },
  {
    "name": "Shaheed Sthal",
    "details": {"disabled friendly": 1,         "parking available": 1,         "elevator available": 1,
      "line": ["Red Line"],
      "layout": ["Elevated"],
      "platform": ["Side"],
      "longitude": 77.415453,
      "latitude": 28.670621
    }
  },
  {
    "name": "Shaheed Nagar",
    "details": {"disabled friendly": 1,         "parking available": 1,         "elevator available": 1,
      "line": ["Red Line"],
      "layout": ["Elevated"],
      "platform": ["Side"],
      "longitude": 77.333759,
      "latitude": 28.676632
    }
  },
  {
    "name": "Shanupur",
    "details": {"disabled friendly": 1,         "parking available": 0,         "elevator available": 1,
      "line": ["Pink Line"],
      "layout": ["Elevated"],
      "platform": ["Island"],
      "longitude": 77.14876,
      "latitude": 28.68595
    }
  },
  {
    "name": "Shalimar Bagh",
    "details": {"disabled friendly": 1,         "parking available": 0,         "elevator available": 1,
      "line": ["Pink Line"],
      "layout": ["Underground"],
      "platform": ["Island"], 
      "longitude": 77.165191,
      "latitude": 28.70181
    }
  },
  {
    "name": "Shankar Vihar",
    "details": {"disabled friendly": 1,         "parking available": 0,         "elevator available": 1,
      "line": ["Magenta Line"],
      "layout": ["Elevated"],
      "platform": ["Side"],
      "longitude": 77.14526,
      "latitude": 28.55979
    }
  },
  {
    "name": "Shastri Nagar",
    "details": {"disabled friendly": 1,         "parking available": 1,         "elevator available": 1,
      "line": ["Red Line"],
      "layout": ["Elevated"],
      "platform": ["Side"],
      "longitude": 77.18169,
      "latitude": 28.66999
    }
  },
  {
    "name": "Shastri Park",
    "details": {"disabled friendly": 1,         "parking available": 1,         "elevator available": 1,
      "line": ["Red Line"],
      "layout": ["At Grade"],
      "platform": ["Side"],
      "longitude": 77.24994,
      "latitude": 28.66800
    }
  },
  {
    "name": "Shiv Vihar",
    "details": {"disabled friendly": 1,         "parking available": 0,         "elevator available": 1,
      "line": ["Pink Line"],
      "layout": ["Elevated"],
      "platform": ["Side"],
      "longitude": 77.2894938,
      "latitude": 28.7216122
    }
  },
  {
    "name": "Shivaji Park",
    "details": {"disabled friendly": 1,         "parking available": 0,         "elevator available": 1,
      "line": ["Green Line"],
      "layout": ["Elevated"],
      "platform": ["Side"],
      "longitude": 77.13056,
      "latitude": 28.67490
    }
  },
  {
    "name": "Shivaji Stadium",
    "details": {"disabled friendly": 1,         "parking available": 1,         "elevator available": 1,
      "line": ["Airport Express"],
      "layout": ["Underground"],
      "platform": ["Island"], 
      "longitude": 77.21190,
      "latitude": 28.62901
    }
  },
  {
    "name": "Shyam Park",
    "details": {"disabled friendly": 1,         "parking available": 0,         "elevator available": 1,
      "line": ["Red Line"],
      "layout": ["Elevated"],
      "platform": ["Side"],
      "longitude": 77.37024,
      "latitude": 28.6782
    }
  },
  {
    "name": "Sikandarpur",
    "details": {"disabled friendly": 1,         "parking available": 1,         "elevator available": 1,
      "line": ["Yellow Line"],
      "layout": ["Elevated"],
      "platform": ["Side"],
      "longitude": 77.09235,
      "latitude": 28.48182
    }
  },
  {
    "name": "Sir Vishweshwaraiah Moti Bagh",
    "details": {"disabled friendly": 1,         "parking available": 0,         "elevator available": 1,
      "line": ["Pink Line"],
      "layout": ["Elevated"],
      "platform": ["Side"],
      "longitude": 77.17419,
      "latitude": 28.58169
    }
  },
  {
    "name": "South Extension",
    "details": {"disabled friendly": 1,         "parking available": 0,         "elevator available": 1,
      "line": ["Pink Line"],
      "layout": ["Underground"],
      "platform": ["Island"], 
      "longitude": 77.22276,
      "latitude": 28.56867
    }
  },
  {
    "name": "Subhash Nagar",
    "details": {"disabled friendly": 1,         "parking available": 1,         "elevator available": 1,
      "line": ["Blue Line"],
      "layout": ["Elevated"],
      "platform": ["Side"],
      "longitude": 77.10495,
      "latitude": 28.64039
    }
  },
  {
    "name": "Sukhdev Vihar",
    "details": {"disabled friendly": 1,         "parking available": 0,         "elevator available": 1,
      "line": ["Magenta Line"],
      "layout": ["Elevated"],
      "platform": ["Side"],
      "longitude": 77.27512,
      "latitude": 28.559774
    }
  },
  {
    "name": "Sultanpur",
    "details": {"disabled friendly": 1,         "parking available": 1,         "elevator available": 1,
      "line": ["Yellow Line"],
      "layout": ["Elevated"],
      "platform": ["Side"],
      "longitude": 77.16153,
      "latitude": 28.49927
    }
  },
  {
    "name": "Supreme Court",
    "details": {"disabled friendly": 1,         "parking available": 1,         "elevator available": 1,
      "line": ["Blue Line"],
      "layout": ["Elevated"],
      "platform": ["Side"],
      "longitude": 77.24250,
      "latitude": 28.62342
    }
  },
  {
    "name": "Tagore Garden",
    "details": {"disabled friendly": 1,         "parking available": 1,         "elevator available": 1,
      "line": ["Blue Line"],
      "layout": ["Elevated"],
      "platform": ["Side"],
      "longitude": 77.11284,
      "latitude": 28.64379
    }
  },
  {
    "name": "Terminal 1-IGI Airport",
    "details": {"disabled friendly": 1,         "parking available": 0,         "elevator available": 1,
      "line": ["Magenta Line"],
      "layout": ["Underground"],
      "platform": ["Island"], 
      "longitude": 77.11972,
      "latitude": 28.56272
    }
  },
  {
    "name": "Tikri Border",
    "details": {"disabled friendly": 1,         "parking available": 0,         "elevator available": 1,
      "line": ["Green Line"],
      "layout": ["Elevated"],
      "platform": ["Side"],
      "longitude": 76.96409,
      "latitude": 28.68802
    }
  },
  {
    "name": "Tikri Kalan",
    "details": {"disabled friendly": 1,         "parking available": 0,         "elevator available": 1,
      "line": ["Green Line"],
      "layout": ["Elevated"],
      "platform": ["Side"],
      "longitude": 76.9772,
      "latitude": 28.68688
    }
  },
  {
    "name": "Tilak Nagar",
    "details": {"disabled friendly": 1,         "parking available": 1,         "elevator available": 1,
      "line": ["Blue Line"],
      "layout": ["Elevated"],
      "platform": ["Side"],
      "longitude": 77.09648,
      "latitude": 28.63657
    }
  },
  {
    "name": "Tis Hazari",
    "details": {"disabled friendly": 1,         "parking available": 1,         "elevator available": 1,
      "line": ["Red Line"],
      "layout": ["Elevated"],
      "platform": ["Side"],
      "longitude": 77.21653,
      "latitude": 28.66711
    }
  },
 {
    "name": "Trilokpuri Sanjay Lake",
    "details": {"disabled friendly": 1,         "parking available": 0,         "elevator available": 1,
      "line": ["Pink Line"],
      "layout": ["Elevated"],
      "platform": ["Side"],
      "longitude": 77.30884,
      "latitude": 28.61359
    }
  },
  {
    "name": "Tughlakabad Station",
    "details": {"disabled friendly": 1,         "parking available": 1,         "elevator available": 1,
      "line": ["Violet Line"],
      "layout": ["Elevated"],
      "platform": ["Side"],
      "longitude": 77.29930,
      "latitude": 28.50254
    }
  },
  {
    "name": "Udyog Bhawan",
    "details": {"disabled friendly": 1,         "parking available": 0,         "elevator available": 1,
      "line": ["Yellow Line"],
      "layout": ["Underground"],
      "platform": ["Island"], 
      "longitude": 77.21198,
      "latitude": 28.61166
    }
  },
  {
    "name": "Udyog Nagar",
    "details": {"disabled friendly": 1,         "parking available": 1,         "elevator available": 1,
      "line": ["Green Line"],
      "layout": ["Elevated"],
      "platform": ["Side"],
      "longitude": 77.08077,
      "latitude": 28.68090
    }
  },
  {
    "name": "Uttam Nagar East",
    "details": {"disabled friendly": 1,         "parking available": 1,         "elevator available": 1,
      "line": ["Blue Line"],
     "layout": ["Elevated"],
      "platform": ["Side"],
      "longitude": 77.06530,
      "latitude": 28.62481
    }
  },
  {
    "name": "Uttam Nagar West",
    "details": {"disabled friendly": 1,         "parking available": 1,         "elevator available": 1,
      "line": ["Blue Line"],
      "layout": ["Elevated"],
      "platform": ["Side"],
      "longitude": 77.05585,
      "latitude": 28.62177
    }
  },
  {
    "name": "Vaishali",
    "details": {"disabled friendly": 1,         "parking available": 1,         "elevator available": 1,
      "line": ["Blue Line branch"],
     "layout": ["Elevated"],
      "platform": ["Side"],
      "longitude": 77.33974,
      "latitude": 28.64997
    }
  },
  {
    "name": "Vasant Vihar",
    "details": {"disabled friendly": 1,         "parking available": 1,         "elevator available": 1,
      "line": ["Magenta Line"],
      "layout": ["Underground"],
      "platform": ["Island"],
      "longitude": 77.160195,
      "latitude": 28.55794
    }
  },
  {
    "name": "Vidhan Sabha",
    "details": {"disabled friendly": 1,         "parking available": 0,         "elevator available": 1,
      "line": ["Yellow Line"],
      "layout": ["Underground"],
      "platform": ["Side"],
      "longitude": 77.22140,
      "latitude": 28.68802
    }
  },
  {
    "name": "Vinobapuri",
    "details": {"disabled friendly": 1,         "parking available": 1,         "elevator available": 1,
      "line": ["Pink Line"],
      "layout": ["Underground"],
      "platform": ["Island"],
      "longitude": 77.25050,
      "latitude": 28.5659
    }
  },
  {
    "name": "Vishwa Vidyalaya",
    "details": {"disabled friendly": 1,         "parking available": 1,         "elevator available": 1,
      "line": ["Yellow Line"],
      "layout": ["Underground"],
      "platform": ["Side"],
      "longitude": 77.21483,
      "latitude": 28.69480
    }
  },
  {
    "name": "Welcome",
    "details": {"disabled friendly": 1,         "parking available": 1,         "elevator available": 1,
      "line": ["Red Line","Pink Line"],
      "layout": ["At Grade","Elevated"],
      "platform": ["Island","Side"],
      "longitude": 77.27756,
      "latitude": 28.67180
    }
  },
  {
    "name": "Yamuna Bank",
    "details": {"disabled friendly": 1,         "parking available": 1,         "elevator available": 1,
      "line": ["Blue Line","Blue Line Branch"],
      "layout": ["At-Grade","At Grade"],
      "platform": ["Island","Island"],
      "longitude": 77.26792,
      "latitude": 28.62331
    }
  }
]




